Workbook

Sheet Tổng quan
A1: BẢNG ĐIỀU KHIỂN TIẾN ĐỘ DỰ ÁN EMC - 1 NGƯỜI THỰC HIỆN | B1: BẢNG ĐIỀU KHIỂN TIẾN ĐỘ DỰ ÁN EMC - 1 NGƯỜI THỰC HIỆN | C1: BẢNG ĐIỀU KHIỂN TIẾN ĐỘ DỰ ÁN EMC - 1 NGƯỜI THỰC HIỆN | D1: BẢNG ĐIỀU KHIỂN TIẾN ĐỘ DỰ ÁN EMC - 1 NGƯỜI THỰC HIỆN | E1: BẢNG ĐIỀU KHIỂN TIẾN ĐỘ DỰ ÁN EMC - 1 NGƯỜI THỰC HIỆN | F1: BẢNG ĐIỀU KHIỂN TIẾN ĐỘ DỰ ÁN EMC - 1 NGƯỜI THỰC HIỆN | G1: BẢNG ĐIỀU KHIỂN TIẾN ĐỘ DỰ ÁN EMC - 1 NGƯỜI THỰC HIỆN | H1: BẢNG ĐIỀU KHIỂN TIẾN ĐỘ DỰ ÁN EMC - 1 NGƯỜI THỰC HIỆN
A2: BẢNG ĐIỀU KHIỂN TIẾN ĐỘ DỰ ÁN EMC - 1 NGƯỜI THỰC HIỆN | B2: BẢNG ĐIỀU KHIỂN TIẾN ĐỘ DỰ ÁN EMC - 1 NGƯỜI THỰC HIỆN | C2: BẢNG ĐIỀU KHIỂN TIẾN ĐỘ DỰ ÁN EMC - 1 NGƯỜI THỰC HIỆN | D2: BẢNG ĐIỀU KHIỂN TIẾN ĐỘ DỰ ÁN EMC - 1 NGƯỜI THỰC HIỆN | E2: BẢNG ĐIỀU KHIỂN TIẾN ĐỘ DỰ ÁN EMC - 1 NGƯỜI THỰC HIỆN | F2: BẢNG ĐIỀU KHIỂN TIẾN ĐỘ DỰ ÁN EMC - 1 NGƯỜI THỰC HIỆN | G2: BẢNG ĐIỀU KHIỂN TIẾN ĐỘ DỰ ÁN EMC - 1 NGƯỜI THỰC HIỆN | H2: BẢNG ĐIỀU KHIỂN TIẾN ĐỘ DỰ ÁN EMC - 1 NGƯỜI THỰC HIỆN
A4: THÔNG TIN KẾ HOẠCH | B4: THÔNG TIN KẾ HOẠCH
A5: Sinh viên | B5: Nguyễn An Ninh
A6: Tên dự án | B6: Thiết bị đo nhiệt độ cơ thể dùng IC rời, Wi-Fi 2,4 GHz và đánh giá miễn nhiễm EMC
A7: Ngày bắt đầu Tuần 8
A8: Phiên bản | B8: v1.0
A10: TÌNH TRẠNG HIỆN TẠI | B10: TÌNH TRẠNG HIỆN TẠI | C10: TÌNH TRẠNG HIỆN TẠI | D10: TÌNH TRẠNG HIỆN TẠI | E10: TÌNH TRẠNG HIỆN TẠI | F10: TÌNH TRẠNG HIỆN TẠI | G10: TÌNH TRẠNG HIỆN TẠI | H10: TÌNH TRẠNG HIỆN TẠI
A12: Tổng đầu việc | C12: Đã hoàn thành | E12: Đang làm | G12: Bị chặn
A13: =COUNTIF(Checklist!$A$5:$A$134,"<>") -> 130 | C13: =COUNTIF(Checklist!$G$5:$G$134,"☑ Hoàn thành") -> 6 | E13: =COUNTIF(Checklist!$G$5:$G$134,"◐ Đang làm") -> 0 | G13: =COUNTIF(Checklist!$G$5:$G$134,"⚠ Bị chặn") -> 0
A16: Tiến độ tổng thể | B16: Tiến độ tổng thể | C16: =IFERROR(SUM(Checklist!$H$5:$H$134)/(COUNTIF(Checklist!$A$5:$A$134,"<>")-COUNTIF(Checklist!$G$5:$G$134,"— Không áp dụng")),0) -> 0.046153846
A17: Không áp dụng | B17: Không áp dụng | C17: =COUNTIF(Checklist!$G$5:$G$134,"— Không áp dụng") -> 0
A19: Giai đoạn | B19: Tổng việc | C19: Hoàn thành | D19: Đang làm | E19: Tiến độ | G19: CHÚ GIẢI TRẠNG THÁI | H19: CHÚ GIẢI TRẠNG THÁI
A20: 0. Quản lý cá nhân | B20: =COUNTIF(Checklist!$B$5:$B$134,A20) -> 5 | C20: =COUNTIFS(Checklist!$B$5:$B$134,A20,Checklist!$G$5:$G$134,"☑ Hoàn thành") -> 5 | D20: =COUNTIFS(Checklist!$B$5:$B$134,A20,Checklist!$G$5:$G$134,"◐ Đang làm") -> 0 | E20: =IFERROR(SUMIF(Checklist!$B$5:$B$134,A20,Checklist!$H$5:$H$134)/(COUNTIF(Checklist!$B$5:$B$134,A20)-COUNTIFS(Checklist!$B$5:$B$134,A20,Checklist!$G$5:$G$134,"— Không áp dụng")),0) -> 1 | G20: ☐ | H20: Chưa bắt đầu
A21: 1. Chốt yêu cầu | B21: =COUNTIF(Checklist!$B$5:$B$134,A21) -> 10 | C21: =COUNTIFS(Checklist!$B$5:$B$134,A21,Checklist!$G$5:$G$134,"☑ Hoàn thành") -> 1 | D21: =COUNTIFS(Checklist!$B$5:$B$134,A21,Checklist!$G$5:$G$134,"◐ Đang làm") -> 0 | E21: =IFERROR(SUMIF(Checklist!$B$5:$B$134,A21,Checklist!$H$5:$H$134)/(COUNTIF(Checklist!$B$5:$B$134,A21)-COUNTIFS(Checklist!$B$5:$B$134,A21,Checklist!$G$5:$G$134,"— Không áp dụng")),0) -> 0.1 | G21: ◐ | H21: Đang làm
A22: 2. Tiêu chuẩn và thử nghiệm | B22: =COUNTIF(Checklist!$B$5:$B$134,A22) -> 8 | C22: =COUNTIFS(Checklist!$B$5:$B$134,A22,Checklist!$G$5:$G$134,"☑ Hoàn thành") -> 0 | D22: =COUNTIFS(Checklist!$B$5:$B$134,A22,Checklist!$G$5:$G$134,"◐ Đang làm") -> 0 | E22: =IFERROR(SUMIF(Checklist!$B$5:$B$134,A22,Checklist!$H$5:$H$134)/(COUNTIF(Checklist!$B$5:$B$134,A22)-COUNTIFS(Checklist!$B$5:$B$134,A22,Checklist!$G$5:$G$134,"— Không áp dụng")),0) -> 0 | G22: ⚠ | H22: Bị chặn
A23: 3. Kiến trúc và linh kiện | B23: =COUNTIF(Checklist!$B$5:$B$134,A23) -> 10 | C23: =COUNTIFS(Checklist!$B$5:$B$134,A23,Checklist!$G$5:$G$134,"☑ Hoàn thành") -> 0 | D23: =COUNTIFS(Checklist!$B$5:$B$134,A23,Checklist!$G$5:$G$134,"◐ Đang làm") -> 0 | E23: =IFERROR(SUMIF(Checklist!$B$5:$B$134,A23,Checklist!$H$5:$H$134)/(COUNTIF(Checklist!$B$5:$B$134,A23)-COUNTIFS(Checklist!$B$5:$B$134,A23,Checklist!$G$5:$G$134,"— Không áp dụng")),0) -> 0 | G23: ☑ | H23: Hoàn thành
A24: 4. Schematic nguồn | B24: =COUNTIF(Checklist!$B$5:$B$134,A24) -> 8 | C24: =COUNTIFS(Checklist!$B$5:$B$134,A24,Checklist!$G$5:$G$134,"☑ Hoàn thành") -> 0 | D24: =COUNTIFS(Checklist!$B$5:$B$134,A24,Checklist!$G$5:$G$134,"◐ Đang làm") -> 0 | E24: =IFERROR(SUMIF(Checklist!$B$5:$B$134,A24,Checklist!$H$5:$H$134)/(COUNTIF(Checklist!$B$5:$B$134,A24)-COUNTIFS(Checklist!$B$5:$B$134,A24,Checklist!$G$5:$G$134,"— Không áp dụng")),0) -> 0 | G24: — | H24: Không áp dụng
A25: 5. Schematic chức năng | B25: =COUNTIF(Checklist!$B$5:$B$134,A25) -> 12 | C25: =COUNTIFS(Checklist!$B$5:$B$134,A25,Checklist!$G$5:$G$134,"☑ Hoàn thành") -> 0 | D25: =COUNTIFS(Checklist!$B$5:$B$134,A25,Checklist!$G$5:$G$134,"◐ Đang làm") -> 0 | E25: =IFERROR(SUMIF(Checklist!$B$5:$B$134,A25,Checklist!$H$5:$H$134)/(COUNTIF(Checklist!$B$5:$B$134,A25)-COUNTIFS(Checklist!$B$5:$B$134,A25,Checklist!$G$5:$G$134,"— Không áp dụng")),0) -> 0
A26: 6. PCB và đặt sản xuất | B26: =COUNTIF(Checklist!$B$5:$B$134,A26) -> 14 | C26: =COUNTIFS(Checklist!$B$5:$B$134,A26,Checklist!$G$5:$G$134,"☑ Hoàn thành") -> 0 | D26: =COUNTIFS(Checklist!$B$5:$B$134,A26,Checklist!$G$5:$G$134,"◐ Đang làm") -> 0 | E26: =IFERROR(SUMIF(Checklist!$B$5:$B$134,A26,Checklist!$H$5:$H$134)/(COUNTIF(Checklist!$B$5:$B$134,A26)-COUNTIFS(Checklist!$B$5:$B$134,A26,Checklist!$G$5:$G$134,"— Không áp dụng")),0) -> 0
A27: 7. Firmware và ghi dữ liệu | B27: =COUNTIF(Checklist!$B$5:$B$134,A27) -> 15 | C27: =COUNTIFS(Checklist!$B$5:$B$134,A27,Checklist!$G$5:$G$134,"☑ Hoàn thành") -> 0 | D27: =COUNTIFS(Checklist!$B$5:$B$134,A27,Checklist!$G$5:$G$134,"◐ Đang làm") -> 0 | E27: =IFERROR(SUMIF(Checklist!$B$5:$B$134,A27,Checklist!$H$5:$H$134)/(COUNTIF(Checklist!$B$5:$B$134,A27)-COUNTIFS(Checklist!$B$5:$B$134,A27,Checklist!$G$5:$G$134,"— Không áp dụng")),0) -> 0
A28: 8. Lắp ráp và bring-up | B28: =COUNTIF(Checklist!$B$5:$B$134,A28) -> 14 | C28: =COUNTIFS(Checklist!$B$5:$B$134,A28,Checklist!$G$5:$G$134,"☑ Hoàn thành") -> 0 | D28: =COUNTIFS(Checklist!$B$5:$B$134,A28,Checklist!$G$5:$G$134,"◐ Đang làm") -> 0 | E28: =IFERROR(SUMIF(Checklist!$B$5:$B$134,A28,Checklist!$H$5:$H$134)/(COUNTIF(Checklist!$B$5:$B$134,A28)-COUNTIFS(Checklist!$B$5:$B$134,A28,Checklist!$G$5:$G$134,"— Không áp dụng")),0) -> 0
A29: 9. Đo cơ sở và hiệu chuẩn | B29: =COUNTIF(Checklist!$B$5:$B$134,A29) -> 8 | C29: =COUNTIFS(Checklist!$B$5:$B$134,A29,Checklist!$G$5:$G$134,"☑ Hoàn thành") -> 0 | D29: =COUNTIFS(Checklist!$B$5:$B$134,A29,Checklist!$G$5:$G$134,"◐ Đang làm") -> 0 | E29: =IFERROR(SUMIF(Checklist!$B$5:$B$134,A29,Checklist!$H$5:$H$134)/(COUNTIF(Checklist!$B$5:$B$134,A29)-COUNTIFS(Checklist!$B$5:$B$134,A29,Checklist!$G$5:$G$134,"— Không áp dụng")),0) -> 0
A30: 10. Thử EMC và cải tiến | B30: =COUNTIF(Checklist!$B$5:$B$134,A30) -> 14 | C30: =COUNTIFS(Checklist!$B$5:$B$134,A30,Checklist!$G$5:$G$134,"☑ Hoàn thành") -> 0 | D30: =COUNTIFS(Checklist!$B$5:$B$134,A30,Checklist!$G$5:$G$134,"◐ Đang làm") -> 0 | E30: =IFERROR(SUMIF(Checklist!$B$5:$B$134,A30,Checklist!$H$5:$H$134)/(COUNTIF(Checklist!$B$5:$B$134,A30)-COUNTIFS(Checklist!$B$5:$B$134,A30,Checklist!$G$5:$G$134,"— Không áp dụng")),0) -> 0
A31: 11. Báo cáo và bảo vệ | B31: =COUNTIF(Checklist!$B$5:$B$134,A31) -> 12 | C31: =COUNTIFS(Checklist!$B$5:$B$134,A31,Checklist!$G$5:$G$134,"☑ Hoàn thành") -> 0 | D31: =COUNTIFS(Checklist!$B$5:$B$134,A31,Checklist!$G$5:$G$134,"◐ Đang làm") -> 0 | E31: =IFERROR(SUMIF(Checklist!$B$5:$B$134,A31,Checklist!$H$5:$H$134)/(COUNTIF(Checklist!$B$5:$B$134,A31)-COUNTIFS(Checklist!$B$5:$B$134,A31,Checklist!$G$5:$G$134,"— Không áp dụng")),0) -> 0

Sheet Checklist
A1: CHECKLIST DỰ ÁN EMC CÁ NHÂN - THIẾT BỊ ĐO NHIỆT ĐỘ KHÔNG DÙNG MODULE | B1: CHECKLIST DỰ ÁN EMC CÁ NHÂN - THIẾT BỊ ĐO NHIỆT ĐỘ KHÔNG DÙNG MODULE | C1: CHECKLIST DỰ ÁN EMC CÁ NHÂN - THIẾT BỊ ĐO NHIỆT ĐỘ KHÔNG DÙNG MODULE | D1: CHECKLIST DỰ ÁN EMC CÁ NHÂN - THIẾT BỊ ĐO NHIỆT ĐỘ KHÔNG DÙNG MODULE | E1: CHECKLIST DỰ ÁN EMC CÁ NHÂN - THIẾT BỊ ĐO NHIỆT ĐỘ KHÔNG DÙNG MODULE | F1: CHECKLIST DỰ ÁN EMC CÁ NHÂN - THIẾT BỊ ĐO NHIỆT ĐỘ KHÔNG DÙNG MODULE | G1: CHECKLIST DỰ ÁN EMC CÁ NHÂN - THIẾT BỊ ĐO NHIỆT ĐỘ KHÔNG DÙNG MODULE | H1: CHECKLIST DỰ ÁN EMC CÁ NHÂN - THIẾT BỊ ĐO NHIỆT ĐỘ KHÔNG DÙNG MODULE | I1: CHECKLIST DỰ ÁN EMC CÁ NHÂN - THIẾT BỊ ĐO NHIỆT ĐỘ KHÔNG DÙNG MODULE | J1: CHECKLIST DỰ ÁN EMC CÁ NHÂN - THIẾT BỊ ĐO NHIỆT ĐỘ KHÔNG DÙNG MODULE | K1: CHECKLIST DỰ ÁN EMC CÁ NHÂN - THIẾT BỊ ĐO NHIỆT ĐỘ KHÔNG DÙNG MODULE | L1: CHECKLIST DỰ ÁN EMC CÁ NHÂN - THIẾT BỊ ĐO NHIỆT ĐỘ KHÔNG DÙNG MODULE | M1: CHECKLIST DỰ ÁN EMC CÁ NHÂN - THIẾT BỊ ĐO NHIỆT ĐỘ KHÔNG DÙNG MODULE | N1: CHECKLIST DỰ ÁN EMC CÁ NHÂN - THIẾT BỊ ĐO NHIỆT ĐỘ KHÔNG DÙNG MODULE
A2: CHECKLIST DỰ ÁN EMC CÁ NHÂN - THIẾT BỊ ĐO NHIỆT ĐỘ KHÔNG DÙNG MODULE | B2: CHECKLIST DỰ ÁN EMC CÁ NHÂN - THIẾT BỊ ĐO NHIỆT ĐỘ KHÔNG DÙNG MODULE | C2: CHECKLIST DỰ ÁN EMC CÁ NHÂN - THIẾT BỊ ĐO NHIỆT ĐỘ KHÔNG DÙNG MODULE | D2: CHECKLIST DỰ ÁN EMC CÁ NHÂN - THIẾT BỊ ĐO NHIỆT ĐỘ KHÔNG DÙNG MODULE | E2: CHECKLIST DỰ ÁN EMC CÁ NHÂN - THIẾT BỊ ĐO NHIỆT ĐỘ KHÔNG DÙNG MODULE | F2: CHECKLIST DỰ ÁN EMC CÁ NHÂN - THIẾT BỊ ĐO NHIỆT ĐỘ KHÔNG DÙNG MODULE | G2: CHECKLIST DỰ ÁN EMC CÁ NHÂN - THIẾT BỊ ĐO NHIỆT ĐỘ KHÔNG DÙNG MODULE | H2: CHECKLIST DỰ ÁN EMC CÁ NHÂN - THIẾT BỊ ĐO NHIỆT ĐỘ KHÔNG DÙNG MODULE | I2: CHECKLIST DỰ ÁN EMC CÁ NHÂN - THIẾT BỊ ĐO NHIỆT ĐỘ KHÔNG DÙNG MODULE | J2: CHECKLIST DỰ ÁN EMC CÁ NHÂN - THIẾT BỊ ĐO NHIỆT ĐỘ KHÔNG DÙNG MODULE | K2: CHECKLIST DỰ ÁN EMC CÁ NHÂN - THIẾT BỊ ĐO NHIỆT ĐỘ KHÔNG DÙNG MODULE | L2: CHECKLIST DỰ ÁN EMC CÁ NHÂN - THIẾT BỊ ĐO NHIỆT ĐỘ KHÔNG DÙNG MODULE | M2: CHECKLIST DỰ ÁN EMC CÁ NHÂN - THIẾT BỊ ĐO NHIỆT ĐỘ KHÔNG DÙNG MODULE | N2: CHECKLIST DỰ ÁN EMC CÁ NHÂN - THIẾT BỊ ĐO NHIỆT ĐỘ KHÔNG DÙNG MODULE
A3: Cập nhật cột Trạng thái, Hạn cá nhân, Nơi lưu/File và Ghi chú. Màu vàng là ô cần nhập; % hoàn thành và số ngày quá hạn tự tính. | B3: Cập nhật cột Trạng thái, Hạn cá nhân, Nơi lưu/File và Ghi chú. Màu vàng là ô cần nhập; % hoàn thành và số ngày quá hạn tự tính. | C3: Cập nhật cột Trạng thái, Hạn cá nhân, Nơi lưu/File và Ghi chú. Màu vàng là ô cần nhập; % hoàn thành và số ngày quá hạn tự tính. | D3: Cập nhật cột Trạng thái, Hạn cá nhân, Nơi lưu/File và Ghi chú. Màu vàng là ô cần nhập; % hoàn thành và số ngày quá hạn tự tính. | E3: Cập nhật cột Trạng thái, Hạn cá nhân, Nơi lưu/File và Ghi chú. Màu vàng là ô cần nhập; % hoàn thành và số ngày quá hạn tự tính. | F3: Cập nhật cột Trạng thái, Hạn cá nhân, Nơi lưu/File và Ghi chú. Màu vàng là ô cần nhập; % hoàn thành và số ngày quá hạn tự tính. | G3: Cập nhật cột Trạng thái, Hạn cá nhân, Nơi lưu/File và Ghi chú. Màu vàng là ô cần nhập; % hoàn thành và số ngày quá hạn tự tính. | H3: Cập nhật cột Trạng thái, Hạn cá nhân, Nơi lưu/File và Ghi chú. Màu vàng là ô cần nhập; % hoàn thành và số ngày quá hạn tự tính. | I3: Cập nhật cột Trạng thái, Hạn cá nhân, Nơi lưu/File và Ghi chú. Màu vàng là ô cần nhập; % hoàn thành và số ngày quá hạn tự tính. | J3: Cập nhật cột Trạng thái, Hạn cá nhân, Nơi lưu/File và Ghi chú. Màu vàng là ô cần nhập; % hoàn thành và số ngày quá hạn tự tính. | K3: Cập nhật cột Trạng thái, Hạn cá nhân, Nơi lưu/File và Ghi chú. Màu vàng là ô cần nhập; % hoàn thành và số ngày quá hạn tự tính. | L3: Cập nhật cột Trạng thái, Hạn cá nhân, Nơi lưu/File và Ghi chú. Màu vàng là ô cần nhập; % hoàn thành và số ngày quá hạn tự tính. | M3: Cập nhật cột Trạng thái, Hạn cá nhân, Nơi lưu/File và Ghi chú. Màu vàng là ô cần nhập; % hoàn thành và số ngày quá hạn tự tính. | N3: Cập nhật cột Trạng thái, Hạn cá nhân, Nơi lưu/File và Ghi chú. Màu vàng là ô cần nhập; % hoàn thành và số ngày quá hạn tự tính.
A4: ID | B4: Giai đoạn | C4: Đầu việc cụ thể | D4: Tiêu chí hoàn thành | E4: Tuần | F4: Ưu tiên | G4: Trạng thái | H4: % HT | I4: Hạn cá nhân | J4: Minh chứng cần lưu | K4: Phụ thuộc | L4: Nơi lưu/File | M4: Ghi chú | N4: Quá hạn (ngày)
A5: QL-01 | B5: 0. Quản lý cá nhân | C5: Tạo cấu trúc thư mục dự án | D5: Có các thư mục 01_Yeu_cau, 02_Datasheet, 03_KiCad, 04_Firmware, 05_Do_kiem, 06_Bao_cao | E5: 8 | F5: Cao | G5: ☑ Hoàn thành | H5: =IF(G5="☑ Hoàn thành",1,IF(G5="◐ Đang làm",0.5,IF(G5="⚠ Bị chặn",0.25,0))) -> 1 | J5: Ảnh cấu trúc thư mục | K5: - | N5: =IF(OR(I5="",G5="☑ Hoàn thành",G5="— Không áp dụng"),"",MAX(0,TODAY()-I5))
A6: QL-02 | B6: 0. Quản lý cá nhân | C6: Khởi tạo Git và file README | D6: Repository có commit đầu tiên, mô tả mục tiêu và cách tổ chức file | E6: 8 | F6: Cao | G6: ☑ Hoàn thành | H6: =IF(G6="☑ Hoàn thành",1,IF(G6="◐ Đang làm",0.5,IF(G6="⚠ Bị chặn",0.25,0))) -> 1 | J6: Ảnh git log và README | K6: QL-01 | N6: =IF(OR(I6="",G6="☑ Hoàn thành",G6="— Không áp dụng"),"",MAX(0,TODAY()-I6))
A7: QL-03 | B7: 0. Quản lý cá nhân | C7: Đặt quy tắc tên file và phiên bản | D7: Có quy tắc YYYYMMDD_TenNoiDung_v01 và áp dụng thống nhất | E7: 8 | F7: Trung bình | G7: ☑ Hoàn thành | H7: =IF(G7="☑ Hoàn thành",1,IF(G7="◐ Đang làm",0.5,IF(G7="⚠ Bị chặn",0.25,0))) -> 1 | J7: File README | K7: QL-01 | N7: =IF(OR(I7="",G7="☑ Hoàn thành",G7="— Không áp dụng"),"",MAX(0,TODAY()-I7))
A8: QL-04 | B8: 0. Quản lý cá nhân | C8: Tạo nhật ký công việc hằng ngày | D8: Mỗi buổi có ngày, việc đã làm, kết quả, lỗi và việc tiếp theo | E8: 8-15 | F8: Cao | G8: ☑ Hoàn thành | H8: =IF(G8="☑ Hoàn thành",1,IF(G8="◐ Đang làm",0.5,IF(G8="⚠ Bị chặn",0.25,0))) -> 1 | J8: File nhật ký | K8: QL-01 | N8: =IF(OR(I8="",G8="☑ Hoàn thành",G8="— Không áp dụng"),"",MAX(0,TODAY()-I8))
A9: QL-05 | B9: 0. Quản lý cá nhân | C9: Thiết lập sao lưu định kỳ | D9: Có ít nhất hai bản sao ở máy và dịch vụ lưu trữ/Git | E9: 8 | F9: Cao | G9: ☑ Hoàn thành | H9: =IF(G9="☑ Hoàn thành",1,IF(G9="◐ Đang làm",0.5,IF(G9="⚠ Bị chặn",0.25,0))) -> 1 | J9: Ảnh nơi sao lưu | K9: QL-02 | N9: =IF(OR(I9="",G9="☑ Hoàn thành",G9="— Không áp dụng"),"",MAX(0,TODAY()-I9))
A10: YC-01 | B10: 1. Chốt yêu cầu | C10: Đọc lại toàn bộ đề bài EMC | D10: Tóm tắt được thiết bị, nguồn, truyền thông, khoảng cách và yêu cầu miễn nhiễm | E10: 8 | F10: Cao | G10: ☐ Chưa bắt đầu | H10: =IF(G10="☑ Hoàn thành",1,IF(G10="◐ Đang làm",0.5,IF(G10="⚠ Bị chặn",0.25,0))) -> 0 | J10: Bản tóm tắt 1 trang | K10: - | N10: =IF(OR(I10="",G10="☑ Hoàn thành",G10="— Không áp dụng"),"",MAX(0,TODAY()-I10))
A11: YC-02 | B11: 1. Chốt yêu cầu | C11: Xác nhận ý nghĩa công suất 2 W | D11: Có câu trả lời của giảng viên: công suất RF hay tổng công suất thiết bị | E11: 8-9 | F11: Cao | G11: ☐ Chưa bắt đầu | H11: =IF(G11="☑ Hoàn thành",1,IF(G11="◐ Đang làm",0.5,IF(G11="⚠ Bị chặn",0.25,0))) -> 0 | J11: Ảnh/email/ghi chú trao đổi | K11: YC-01 | N11: =IF(OR(I11="",G11="☑ Hoàn thành",G11="— Không áp dụng"),"",MAX(0,TODAY()-I11))
A12: YC-03 | B12: 1. Chốt yêu cầu | C12: Xác nhận phạm vi cấm module | D12: Làm rõ có cấm cả module SMD hay chỉ bo DevKit/module cắm | E12: 8-9 | F12: Cao | G12: ☑ Hoàn thành | H12: =IF(G12="☑ Hoàn thành",1,IF(G12="◐ Đang làm",0.5,IF(G12="⚠ Bị chặn",0.25,0))) -> 1 | J12: Chỉ cấm Modul cắm | K12: YC-01 | N12: =IF(OR(I12="",G12="☑ Hoàn thành",G12="— Không áp dụng"),"",MAX(0,TODAY()-I12))
A13: YC-04 | B13: 1. Chốt yêu cầu | C13: Khảo sát thiết bị của phòng lab | D13: Có danh sách phép thử: RF, ESD, EFT, nhiễu dẫn, từ trường và mức cực đại | E13: 9 | F13: Cao | G13: ☐ Chưa bắt đầu | H13: =IF(G13="☑ Hoàn thành",1,IF(G13="◐ Đang làm",0.5,IF(G13="⚠ Bị chặn",0.25,0))) -> 0 | J13: Ảnh thiết bị và bảng thông số | K13: YC-01 | N13: =IF(OR(I13="",G13="☑ Hoàn thành",G13="— Không áp dụng"),"",MAX(0,TODAY()-I13))
A14: YC-05 | B14: 1. Chốt yêu cầu | C14: Xác nhận được dùng hai PCB tự thiết kế | D14: Chốt PCB chính và PCB đầu dò TMP117 | E14: 9 | F14: Trung bình | G14: ☐ Chưa bắt đầu | H14: =IF(G14="☑ Hoàn thành",1,IF(G14="◐ Đang làm",0.5,IF(G14="⚠ Bị chặn",0.25,0))) -> 0 | J14: Ghi chú xác nhận | K14: YC-03 | N14: =IF(OR(I14="",G14="☑ Hoàn thành",G14="— Không áp dụng"),"",MAX(0,TODAY()-I14))
A15: YC-06 | B15: 1. Chốt yêu cầu | C15: Chốt dải đo và độ phân giải | D15: Dải sử dụng 32-43 °C, hiển thị 0,1 °C hoặc giá trị đã được giảng viên duyệt | E15: 9 | F15: Cao | G15: ☐ Chưa bắt đầu | H15: =IF(G15="☑ Hoàn thành",1,IF(G15="◐ Đang làm",0.5,IF(G15="⚠ Bị chặn",0.25,0))) -> 0 | J15: Bảng chỉ tiêu v1 | K15: YC-01 | N15: =IF(OR(I15="",G15="☑ Hoàn thành",G15="— Không áp dụng"),"",MAX(0,TODAY()-I15))
A16: YC-07 | B16: 1. Chốt yêu cầu | C16: Chốt sai số mục tiêu | D16: Có tiêu chí sai số môn học, ví dụ không quá ±0,2 °C so với tham chiếu | E16: 9 | F16: Cao | G16: ☐ Chưa bắt đầu | H16: =IF(G16="☑ Hoàn thành",1,IF(G16="◐ Đang làm",0.5,IF(G16="⚠ Bị chặn",0.25,0))) -> 0 | J16: Bảng chỉ tiêu v1 | K16: YC-06 | N16: =IF(OR(I16="",G16="☑ Hoàn thành",G16="— Không áp dụng"),"",MAX(0,TODAY()-I16))
... A134: BC-12 | B134: 11. Báo cáo và bảo vệ | C134: Đóng gói và sao lưu bản cuối | D134: Có PDF, source KiCad, Gerber, code, dữ liệu, video và Git tag final | E134: 15 | F134: Cao | G134: ☐ Chưa bắt đầu | H134: =IF(G134="☑ Hoàn thành",1,IF(G134="◐ Đang làm",0.5,IF(G134="⚠ Bị chặn",0.25,0))) -> 0 | J134: Final_package và checksum | K134: BC-10,BC-11 | N134: =IF(OR(I134="",G134="☑ Hoàn thành",G134="— Không áp dụng"),"",MAX(0,TODAY()-I134))

Sheet Mốc kiểm tra
A1: MỐC KIỂM TRA BẮT BUỘC - CHỈ ĐI TIẾP KHI ĐẠT | B1: MỐC KIỂM TRA BẮT BUỘC - CHỈ ĐI TIẾP KHI ĐẠT | C1: MỐC KIỂM TRA BẮT BUỘC - CHỈ ĐI TIẾP KHI ĐẠT | D1: MỐC KIỂM TRA BẮT BUỘC - CHỈ ĐI TIẾP KHI ĐẠT | E1: MỐC KIỂM TRA BẮT BUỘC - CHỈ ĐI TIẾP KHI ĐẠT | F1: MỐC KIỂM TRA BẮT BUỘC - CHỈ ĐI TIẾP KHI ĐẠT | G1: MỐC KIỂM TRA BẮT BUỘC - CHỈ ĐI TIẾP KHI ĐẠT
A2: MỐC KIỂM TRA BẮT BUỘC - CHỈ ĐI TIẾP KHI ĐẠT | B2: MỐC KIỂM TRA BẮT BUỘC - CHỈ ĐI TIẾP KHI ĐẠT | C2: MỐC KIỂM TRA BẮT BUỘC - CHỈ ĐI TIẾP KHI ĐẠT | D2: MỐC KIỂM TRA BẮT BUỘC - CHỈ ĐI TIẾP KHI ĐẠT | E2: MỐC KIỂM TRA BẮT BUỘC - CHỈ ĐI TIẾP KHI ĐẠT | F2: MỐC KIỂM TRA BẮT BUỘC - CHỈ ĐI TIẾP KHI ĐẠT | G2: MỐC KIỂM TRA BẮT BUỘC - CHỈ ĐI TIẾP KHI ĐẠT
A3: Nếu một mốc chưa đạt, ưu tiên sửa mốc đó trước khi chuyển sang công việc phụ thuộc tiếp theo. | B3: Nếu một mốc chưa đạt, ưu tiên sửa mốc đó trước khi chuyển sang công việc phụ thuộc tiếp theo. | C3: Nếu một mốc chưa đạt, ưu tiên sửa mốc đó trước khi chuyển sang công việc phụ thuộc tiếp theo. | D3: Nếu một mốc chưa đạt, ưu tiên sửa mốc đó trước khi chuyển sang công việc phụ thuộc tiếp theo. | E3: Nếu một mốc chưa đạt, ưu tiên sửa mốc đó trước khi chuyển sang công việc phụ thuộc tiếp theo. | F3: Nếu một mốc chưa đạt, ưu tiên sửa mốc đó trước khi chuyển sang công việc phụ thuộc tiếp theo. | G3: Nếu một mốc chưa đạt, ưu tiên sửa mốc đó trước khi chuyển sang công việc phụ thuộc tiếp theo.
A4: Mốc | B4: Tuần | C4: Điều kiện đạt | D4: Quyết định sau mốc | E4: Trạng thái | F4: Ngày đạt | G4: Minh chứng
A5: M01 | B5: 9 | C5: Đặc tả v1 hoàn chỉnh; 2 W và phép thử lab đã được xác nhận | D5: Cho phép chốt kiến trúc | E5: ☐ Chưa đạt | G5: Specification_v1
A6: M02 | B6: 9 | C6: Sơ đồ khối, pin map, BOM sơ bộ và linh kiện có thể mua | D6: Cho phép vẽ schematic | E6: ☐ Chưa đạt | G6: Block diagram + BOM
A7: M03 | B7: 10 | C7: Schematic đủ 6 khối, ERC sạch và tự kiểm tra datasheet | D7: Cho phép layout | E7: ☐ Chưa đạt | G7: ERC report
A8: M04 | B8: 10 | C8: PCB 4 lớp DRC sạch, RF 50 Ω, GND liên tục và Gerber kiểm tra lại | D8: Cho phép đặt PCB | E8: ☐ Chưa đạt | G8: DRC + Gerber viewer
A9: M05 | B9: 11 | C9: Nguồn 3,3 V đúng, ripple chấp nhận, không nóng và không quá dòng | D9: Cho phép lắp ESP32 | E9: ☐ Chưa đạt | G9: Ảnh scope/dòng
A10: M06 | B10: 11 | C10: ESP32 nhận USB, boot, reset và chạy Wi-Fi không sụt nguồn | D10: Cho phép lắp ngoại vi | E10: ☐ Chưa đạt | G10: Log + video
A11: M07 | B11: 11 | C11: TMP117 đọc ổn định, LED hiển thị và PC ghi CSV | D11: Thiết bị chức năng hoàn chỉnh | E11: ☐ Chưa đạt | G11: CSV + video
A12: M08 | B12: 12 | C12: Baseline ba mức nhiệt, Wi-Fi và công suất đã đo | D12: Cho phép vào lab EMC | E12: ☐ Chưa đạt | G12: Baseline report
A13: M09 | B13: 13 | C13: RAW_MODE và EMC_MODE đã thử cùng điều kiện | D13: Cho phép phân tích lỗi | E13: ☐ Chưa đạt | G13: RAW/EMC logs
A14: M10 | B14: 14 | C14: Đã cải tiến, đo lại và có bảng KPI trước/sau | D14: Cho phép kết luận | E14: ☐ Chưa đạt | G14: Comparison report
A15: M11 | B15: 15 | C15: Báo cáo, video, slide và gói source hoàn chỉnh | D15: Sẵn sàng nộp/bảo vệ | E15: ☐ Chưa đạt | G15: Final package

Sheet Nhật ký minh chứng
A1: NHẬT KÝ MINH CHỨNG CÁ NHÂN | B1: NHẬT KÝ MINH CHỨNG CÁ NHÂN | C1: NHẬT KÝ MINH CHỨNG CÁ NHÂN | D1: NHẬT KÝ MINH CHỨNG CÁ NHÂN | E1: NHẬT KÝ MINH CHỨNG CÁ NHÂN | F1: NHẬT KÝ MINH CHỨNG CÁ NHÂN | G1: NHẬT KÝ MINH CHỨNG CÁ NHÂN | H1: NHẬT KÝ MINH CHỨNG CÁ NHÂN | I1: NHẬT KÝ MINH CHỨNG CÁ NHÂN
A2: NHẬT KÝ MINH CHỨNG CÁ NHÂN | B2: NHẬT KÝ MINH CHỨNG CÁ NHÂN | C2: NHẬT KÝ MINH CHỨNG CÁ NHÂN | D2: NHẬT KÝ MINH CHỨNG CÁ NHÂN | E2: NHẬT KÝ MINH CHỨNG CÁ NHÂN | F2: NHẬT KÝ MINH CHỨNG CÁ NHÂN | G2: NHẬT KÝ MINH CHỨNG CÁ NHÂN | H2: NHẬT KÝ MINH CHỨNG CÁ NHÂN | I2: NHẬT KÝ MINH CHỨNG CÁ NHÂN
A3: Mỗi kết quả quan trọng phải có file/ảnh/log tương ứng. Không ghi dữ liệu bệnh nhân thật; dùng nguồn nhiệt và mã thử nghiệm. | B3: Mỗi kết quả quan trọng phải có file/ảnh/log tương ứng. Không ghi dữ liệu bệnh nhân thật; dùng nguồn nhiệt và mã thử nghiệm. | C3: Mỗi kết quả quan trọng phải có file/ảnh/log tương ứng. Không ghi dữ liệu bệnh nhân thật; dùng nguồn nhiệt và mã thử nghiệm. | D3: Mỗi kết quả quan trọng phải có file/ảnh/log tương ứng. Không ghi dữ liệu bệnh nhân thật; dùng nguồn nhiệt và mã thử nghiệm. | E3: Mỗi kết quả quan trọng phải có file/ảnh/log tương ứng. Không ghi dữ liệu bệnh nhân thật; dùng nguồn nhiệt và mã thử nghiệm. | F3: Mỗi kết quả quan trọng phải có file/ảnh/log tương ứng. Không ghi dữ liệu bệnh nhân thật; dùng nguồn nhiệt và mã thử nghiệm. | G3: Mỗi kết quả quan trọng phải có file/ảnh/log tương ứng. Không ghi dữ liệu bệnh nhân thật; dùng nguồn nhiệt và mã thử nghiệm. | H3: Mỗi kết quả quan trọng phải có file/ảnh/log tương ứng. Không ghi dữ liệu bệnh nhân thật; dùng nguồn nhiệt và mã thử nghiệm. | I3: Mỗi kết quả quan trọng phải có file/ảnh/log tương ứng. Không ghi dữ liệu bệnh nhân thật; dùng nguồn nhiệt và mã thử nghiệm.
A4: STT | B4: Ngày | C4: Task ID | D4: Loại minh chứng | E4: Tên file/minh chứng | F4: Nơi lưu hoặc liên kết | G4: Minh chứng điều gì | H4: Đã kiểm tra? | I4: Ghi chú
A5: 1 | C5: Ví dụ | D5: Ảnh | E5: YYYYMMDD_Vi_du.png | F5: 04_Minh_chung/Vi_du | G5: Ảnh minh họa cách ghi nhật ký | H5: ☐ Chưa | I5: Xóa hoặc sửa dòng ví dụ này
A6: =IF(E6="","",ROW()-4) | H6: ☐ Chưa
A7: =IF(E7="","",ROW()-4) | H7: ☐ Chưa
A8: =IF(E8="","",ROW()-4) | H8: ☐ Chưa
A9: =IF(E9="","",ROW()-4) | H9: ☐ Chưa
A10: =IF(E10="","",ROW()-4) | H10: ☐ Chưa
A11: =IF(E11="","",ROW()-4) | H11: ☐ Chưa
A12: =IF(E12="","",ROW()-4) | H12: ☐ Chưa
A13: =IF(E13="","",ROW()-4) | H13: ☐ Chưa
A14: =IF(E14="","",ROW()-4) | H14: ☐ Chưa
A15: =IF(E15="","",ROW()-4) | H15: ☐ Chưa
A16: =IF(E16="","",ROW()-4) | H16: ☐ Chưa
A17: =IF(E17="","",ROW()-4) | H17: ☐ Chưa
... A64: =IF(E64="","",ROW()-4) | H64: ☐ Chưa

Sheet Thông số
A1: THÔNG SỐ DỰ ÁN VÀ CÁC ĐIỂM CẦN XÁC NHẬN | B1: THÔNG SỐ DỰ ÁN VÀ CÁC ĐIỂM CẦN XÁC NHẬN | C1: THÔNG SỐ DỰ ÁN VÀ CÁC ĐIỂM CẦN XÁC NHẬN | D1: THÔNG SỐ DỰ ÁN VÀ CÁC ĐIỂM CẦN XÁC NHẬN | E1: THÔNG SỐ DỰ ÁN VÀ CÁC ĐIỂM CẦN XÁC NHẬN
A2: THÔNG SỐ DỰ ÁN VÀ CÁC ĐIỂM CẦN XÁC NHẬN | B2: THÔNG SỐ DỰ ÁN VÀ CÁC ĐIỂM CẦN XÁC NHẬN | C2: THÔNG SỐ DỰ ÁN VÀ CÁC ĐIỂM CẦN XÁC NHẬN | D2: THÔNG SỐ DỰ ÁN VÀ CÁC ĐIỂM CẦN XÁC NHẬN | E2: THÔNG SỐ DỰ ÁN VÀ CÁC ĐIỂM CẦN XÁC NHẬN
A4: Nhóm | B4: Thông số | C4: Giá trị đề xuất | D4: Trạng thái xác nhận | E4: Nguồn/Ghi chú
A5: Thiết bị | B5: Đại lượng đo | C5: Nhiệt độ cơ thể | D5: Đề xuất | E5: Yêu cầu môn học
A6: Thiết bị | B6: Phương pháp | C6: Tiếp xúc bằng TMP117 | D6: Đề xuất | E6: https://www.ti.com/lit/gpn/TMP117
A7: Đo lường | B7: Dải sử dụng | C7: 32-43 °C | D7: Cần xác nhận | E7: Không phải toàn dải hoạt động của IC
A8: Đo lường | B8: Độ phân giải hiển thị | C8: 0,1 °C | D8: Cần xác nhận | E8: Giá trị báo cáo cho người dùng
A9: Đo lường | B9: Sai số mục tiêu | C9: ≤ ±0,2 °C so với tham chiếu | D9: Cần xác nhận | E9: Tiêu chí môn học, không phải chứng nhận y tế
A10: MCU | B10: Vi điều khiển | C10: ESP32-C3FH4X chip QFN32, Flash 4 MB | D10: Đề xuất | E10: https://www.espressif.com/sites/default/files/documentation/esp32-c3_datasheet_en.pdf
A11: RF | B11: Chuẩn Wi-Fi | C11: IEEE 802.11b/g/n | D11: Đề xuất | E11: 2,4 GHz
A12: RF | B12: Khoảng cách | C12: 100 m LOS | D12: Cần xác nhận | E12: Đo PDR, RSSI, latency
A13: RF | B13: Công suất 2 W | C13: Tạm hiểu là tổng công suất thiết bị | D13: Chưa xác nhận | E13: Phải hỏi giảng viên; ESP32 không phát RF 2 W
... A22: An toàn | B22: Đối tượng thử | C22: Nguồn nhiệt/bể ổn nhiệt, không thử trên người | D22: Bắt buộc | E22: Prototype phục vụ môn học
